﻿Temperature,VpH
9.50,2.22
9.50,2.25
9.50,2.24
9.50,2.25
9.56,2.25
9.56,2.24
9.56,2.25
9.56,2.27
9.63,2.27
9.63,2.27
9.63,2.25
9.63,2.26
9.69,2.26
9.69,2.26
9.69,2.24
9.69,2.23
9.75,2.28
9.75,2.24
9.75,2.25
9.75,2.26
9.81,2.25
9.81,2.24
9.81,2.27
9.81,2.27
9.88,2.24
9.88,2.23
9.88,2.26
9.88,2.22
9.94,2.27
9.94,2.29
9.94,2.28
9.94,2.26
9.94,2.26
9.94,2.27
10.00,2.29
10.00,2.25
10.00,2.25
10.00,2.28
10.00,2.27
10.06,2.29
10.06,2.27
10.06,2.28
10.06,2.24
10.13,2.26
10.06,2.25
10.13,2.24
10.13,2.24
10.13,2.30
10.13,2.27
10.13,2.31
10.19,2.26
10.19,2.27
10.19,2.26
10.19,2.26
10.19,2.30
10.25,2.29
10.25,2.29
10.25,2.29
10.25,2.30
10.25,2.30
10.25,2.29
10.25,2.27
10.31,2.28
10.31,2.27
10.31,2.31
10.31,2.25
10.31,2.26
10.31,2.29
10.38,2.29
10.38,2.28
10.38,2.27
10.38,2.32
10.38,2.28
10.38,2.30
10.38,2.29
10.38,2.29
10.44,2.29
10.44,2.29
10.44,2.29
10.44,2.31
10.44,2.28
10.44,2.27
10.50,2.30
10.50,2.29
10.50,2.27
10.50,2.29
10.50,2.30
10.50,2.30
10.50,2.30
10.56,2.27
10.56,2.32
10.56,2.29
10.56,2.30
10.56,2.28
10.56,2.32
10.63,2.30
10.63,2.29
10.63,2.29
10.63,2.29
10.63,2.30
10.69,2.32
10.69,2.31
10.69,2.30
10.69,2.29
10.69,2.29
10.69,2.30
10.75,2.30
10.75,2.30
10.75,2.29
10.75,2.31
10.75,2.32
10.75,2.33
10.81,2.29
10.81,2.32
10.81,2.33
10.81,2.31
10.81,2.34
10.88,2.31
10.88,2.29
10.88,2.30
10.88,2.30
10.88,2.31
10.88,2.34
10.94,2.33
10.94,2.30
10.94,2.32
10.94,2.35
10.94,2.32
11.00,2.34
11.00,2.34
11.00,2.34
11.00,2.33
11.00,2.32
11.06,2.36
11.06,2.36
11.06,2.34
11.06,2.34
11.06,2.35
11.13,2.34
11.13,2.31
11.13,2.33
11.13,2.34
11.13,2.32
11.19,2.37
11.19,2.35
11.19,2.34
11.19,2.36
11.19,2.37
11.19,2.35
11.19,2.38
11.25,2.34
11.25,2.35
11.25,2.32
11.25,2.34
11.25,2.35
11.31,2.35
11.31,2.33
11.31,2.34
11.31,2.35
11.31,2.36
11.31,2.36
11.38,2.35
11.38,2.38
11.38,2.33
11.44,2.35
11.44,2.38
11.44,2.35
11.44,2.38
11.44,2.37
11.44,2.35
11.44,2.37
11.44,2.37
11.50,2.35
11.50,2.37
11.50,2.35
11.50,2.37
11.50,2.36
11.56,2.37
11.56,2.37
11.56,2.39
11.56,2.37
11.56,2.39
11.63,2.38
11.63,2.39
11.63,2.38
11.63,2.40
11.63,2.35
11.69,2.38
11.69,2.38
11.69,2.40
11.69,2.40
11.69,2.40
11.69,2.39
11.75,2.38
11.75,2.38
11.75,2.40
11.75,2.39
11.75,2.41
11.75,2.42
11.81,2.40
11.81,2.35
11.81,2.42
11.81,2.39
11.81,2.40
11.88,2.41
11.88,2.40
11.88,2.41
11.88,2.42
11.94,2.40
11.94,2.38
11.94,2.39
11.94,2.40
11.94,2.39
11.94,2.43
12.00,2.41
12.00,2.42
12.00,2.42
12.00,2.40
12.00,2.44
12.06,2.41
12.06,2.41
12.06,2.42
12.06,2.41
12.13,2.41
12.13,2.42
12.13,2.39
12.13,2.44
12.13,2.43
12.13,2.42
12.19,2.43
12.19,2.44
12.19,2.45
12.19,2.44
12.25,2.42
12.25,2.44
12.25,2.43
12.25,2.44
12.25,2.45
12.25,2.45
12.31,2.42
12.31,2.43
12.31,2.43
12.31,2.44
12.38,2.45
12.38,2.44
12.38,2.45
12.38,2.43
12.38,2.44
12.38,2.43
12.44,2.44
12.44,2.46
12.44,2.47
12.44,2.47
12.50,2.45
12.50,2.47
12.50,2.44
12.50,2.47
12.50,2.44
12.50,2.47
12.56,2.46
12.56,2.46
12.56,2.43
12.56,2.47
12.56,2.46
12.63,2.47
12.63,2.47
12.63,2.47
12.63,2.46
12.69,2.45
12.69,2.47
12.69,2.48
12.69,2.49
12.69,2.50
12.75,2.45
12.75,2.45
12.75,2.49
12.75,2.49
12.81,2.49
12.81,2.48
12.81,2.49
12.81,2.47
12.81,2.47
12.81,2.48
12.81,2.46
12.88,2.48
12.88,2.48
12.88,2.49
12.88,2.50
12.94,2.50
12.94,2.49
12.94,2.48
12.94,2.48
12.94,2.50
12.94,2.48
12.94,2.50
13.00,2.49
13.00,2.51
13.00,2.50
13.00,2.52
13.00,2.51
13.06,2.50
13.06,2.51
13.06,2.50
13.06,2.52
13.06,2.51
13.06,2.50
13.06,2.51
13.13,2.50
13.13,2.54
13.13,2.52
13.13,2.51
13.13,2.51
13.19,2.49
13.19,2.50
13.19,2.52
13.19,2.51
13.19,2.54
13.19,2.54
13.25,2.54
13.25,2.53
13.25,2.53
13.25,2.54
13.25,2.55
13.25,2.55
13.31,2.52
13.31,2.53
13.31,2.54
13.31,2.55
13.38,2.56
13.38,2.51
13.38,2.55
13.38,2.56
13.38,2.55
13.38,2.57
13.44,2.52
13.44,2.58
13.44,2.56
13.44,2.54
13.44,2.57
13.44,2.55
13.50,2.55
13.50,2.56
13.50,2.57
13.50,2.54
13.50,2.57
13.56,2.56
13.56,2.56
13.56,2.58
13.56,2.58
13.56,2.60
13.56,2.57
13.63,2.56
13.63,2.58
13.63,2.62
13.63,2.62
13.63,2.62
13.63,2.68
13.69,2.48
13.69,2.50
13.69,2.52
13.69,2.49
13.75,2.49
13.75,2.51
13.75,2.50
13.75,2.51
13.75,2.52
13.75,2.50
13.81,2.50
13.81,2.50
13.81,2.50
13.81,2.51
13.81,2.49
13.81,2.52
13.88,2.50
13.88,2.49
13.88,2.52
13.88,2.51
13.88,2.52
13.88,2.50
13.94,2.52
13.94,2.51
13.94,2.50
13.94,2.51
13.94,2.49
14.00,2.53
14.00,2.51
14.00,2.50
14.00,2.50
14.00,2.50
14.06,2.49
14.06,2.52
14.06,2.52
14.06,2.52
14.13,2.52
14.13,2.53
14.13,2.53
14.13,2.52
14.13,2.52
14.19,2.51
14.19,2.52
14.19,2.53
14.19,2.53
14.19,2.53
14.19,2.56
14.19,2.52
14.25,2.52
14.25,2.51
14.25,2.51
14.25,2.53
14.31,2.51
14.31,2.52
14.31,2.54
14.31,2.55
14.31,2.55
14.31,2.53
14.38,2.52
14.38,2.53
14.38,2.55
14.38,2.52
14.38,2.55
14.38,2.56
14.44,2.52
14.44,2.55
14.44,2.54
14.44,2.56
14.44,2.53
14.50,2.55
14.50,2.54
14.50,2.52
14.50,2.56
14.50,2.55
14.50,2.54
14.56,2.54
14.56,2.54
14.56,2.57
14.56,2.54
14.56,2.56
14.56,2.54
14.63,2.56
14.63,2.56
14.63,2.54
14.63,2.57
14.69,2.55
14.69,2.57
14.69,2.53
14.69,2.58
14.69,2.55
14.75,2.57
14.69,2.54
14.75,2.55
14.75,2.57
14.75,2.56
14.75,2.53
14.75,2.54
14.75,2.57
14.81,2.56
14.81,2.57
14.81,2.54
14.81,2.55
14.81,2.56
14.88,2.56
14.88,2.60
14.88,2.57
14.88,2.56
14.88,2.58
14.94,2.59
14.94,2.56
14.94,2.60
14.94,2.58
14.94,2.55
14.94,2.56
14.94,2.57
15.00,2.57
15.00,2.56
15.00,2.56
15.00,2.56
15.06,2.54
15.06,2.56
15.06,2.62
15.06,2.57
15.06,2.59
15.13,2.57
15.13,2.58
15.13,2.57
15.13,2.60
15.13,2.57
15.19,2.58
15.13,2.59
15.19,2.58
15.19,2.60
15.19,2.61
15.19,2.57
15.25,2.58
15.25,2.58
15.25,2.62
15.25,2.63
15.25,2.59
15.25,2.59
15.31,2.59
15.31,2.62
15.31,2.59
15.31,2.60
15.31,2.60
15.31,2.59
15.31,2.59
15.31,2.59
15.38,2.61
15.38,2.60
15.38,2.59
15.38,2.61
15.38,2.61
15.44,2.58
15.44,2.60
15.44,2.60
15.44,2.62
15.44,2.61
15.44,2.61
15.50,2.61
15.50,2.59
15.50,2.65
15.50,2.59
15.50,2.61
15.50,2.60
15.50,2.60
15.50,2.58
15.56,2.63
15.56,2.61
15.56,2.61
15.56,2.62
15.56,2.63
15.56,2.61
15.63,2.61
15.63,2.62
15.63,2.62
15.63,2.61
15.63,2.61
15.63,2.62
15.69,2.61
15.69,2.62
15.69,2.62
15.69,2.61
15.69,2.63
15.69,2.62
15.69,2.59
15.75,2.62
15.75,2.60
15.75,2.63
15.75,2.61
15.75,2.62
15.75,2.64
15.75,2.63
15.81,2.64
15.81,2.63
15.81,2.64
15.81,2.65
15.81,2.65
15.81,2.64
15.88,2.65
15.88,2.63
15.88,2.63
15.88,2.65
15.88,2.63
15.88,2.64
15.88,2.65
15.94,2.65
15.94,2.62
15.94,2.63
15.94,2.64
15.94,2.62
15.94,2.62
15.94,2.64
16.00,2.62
16.00,2.62
16.00,2.64
16.00,2.64
16.00,2.66
16.06,2.64
16.00,2.65
16.06,2.66
16.06,2.62
16.06,2.65
16.06,2.62
16.06,2.66
16.06,2.65
16.12,2.66
16.12,2.63
16.12,2.66
16.12,2.63
16.12,2.64
16.12,2.65
16.12,2.62
16.12,2.64
16.19,2.63
16.19,2.64
16.19,2.65
16.19,2.64
16.19,2.66
16.25,2.66
16.25,2.63
16.25,2.65
16.25,2.65
16.25,2.66
16.25,2.63
16.25,2.65
16.25,2.67
16.25,2.65
16.31,2.66
16.31,2.64
16.31,2.64
16.31,2.65
16.31,2.66
16.31,2.64
16.31,2.67
16.37,2.64
16.37,2.65
16.37,2.65
16.37,2.67
16.37,2.65
16.37,2.63
16.37,2.65
16.44,2.65
16.44,2.67
16.44,2.68
16.44,2.66
16.44,2.63
16.50,2.67
16.50,2.65
16.50,2.67
16.50,2.67
16.50,2.66
16.50,2.66
16.50,2.66
16.56,2.65
16.56,2.67
16.56,2.65
16.56,2.68
16.56,2.68
16.56,2.66
16.62,2.67
16.56,2.65
16.62,2.66
16.62,2.65
16.62,2.69
16.62,2.68
16.62,2.68
16.62,2.69
16.62,2.68
16.69,2.66
16.69,2.68
16.69,2.66
16.69,2.64
16.69,2.67
16.69,2.67
16.69,2.68
16.75,2.67
16.75,2.68
16.75,2.68
16.75,2.67
16.75,2.66
16.75,2.66
16.75,2.66
16.75,2.67
16.81,2.69
16.81,2.70
16.81,2.70
16.81,2.67
16.81,2.69
16.81,2.69
16.87,2.69
16.87,2.66
16.87,2.68
16.87,2.67
16.87,2.69
16.87,2.70
16.87,2.68
16.87,2.68
16.87,2.67
16.94,2.71
16.94,2.67
16.94,2.70
16.94,2.69
16.94,2.70
16.94,2.69
17.00,2.68
17.00,2.69
17.00,2.69
17.00,2.67
17.00,2.70
17.00,2.71
17.00,2.71
17.00,2.68
17.00,2.70
17.06,2.71
17.06,2.69
17.06,2.66
17.06,2.70
17.06,2.69
17.06,2.70
17.06,2.71
17.12,2.69
17.12,2.70
17.12,2.70
17.12,2.70
17.12,2.71
17.12,2.69
17.19,2.70
17.19,2.69
17.19,2.69
17.19,2.71
17.19,2.70
17.19,2.72
17.25,2.71
17.19,2.72
17.25,2.70
17.25,2.68
17.25,2.70
17.25,2.70
17.25,2.70
17.31,2.69
17.31,2.70
17.31,2.69
17.31,2.70
17.31,2.71
17.31,2.71
17.31,2.71
17.31,2.71
17.37,2.70
17.37,2.71
17.37,2.70
17.37,2.68
17.37,2.71
17.37,2.67
17.37,2.71
17.37,2.70
17.44,2.70
17.44,2.69
17.44,2.70
17.44,2.71
17.44,2.71
17.44,2.69
17.44,2.71
17.44,2.71
17.50,2.69
17.50,2.70
17.50,2.71
17.50,2.70
17.50,2.71
17.50,2.72
17.50,2.71
17.56,2.72
17.56,2.70
17.56,2.71
17.56,2.73
17.56,2.71
17.56,2.69
17.56,2.72
17.56,2.70
17.56,2.71
17.62,2.70
17.62,2.71
17.62,2.69
17.62,2.72
17.62,2.71
17.62,2.73
17.62,2.71
17.62,2.71
17.69,2.71
17.69,2.71
17.69,2.73
17.69,2.71
17.69,2.70
17.69,2.70
17.69,2.71
17.69,2.71
17.75,2.70
17.75,2.71
17.75,2.72
17.75,2.71
17.75,2.71
17.75,2.70
17.75,2.73
17.75,2.70
17.75,2.71
17.81,2.73
17.81,2.72
17.81,2.73
17.81,2.71
17.81,2.71
17.81,2.75
17.81,2.71
17.81,2.74
17.81,2.72
17.87,2.71
17.87,2.72
17.87,2.74
17.87,2.71
17.87,2.72
17.87,2.73
17.87,2.74
17.87,2.72
17.87,2.72
17.94,2.71
17.94,2.72
17.94,2.72
17.94,2.74
17.94,2.70
17.94,2.71
17.94,2.71
17.94,2.73
17.94,2.72
18.00,2.72
18.00,2.72
18.00,2.71
18.00,2.71
18.00,2.74
18.00,2.71
18.00,2.74
18.00,2.74
18.06,2.74
18.06,2.71
18.06,2.71
18.06,2.73
18.06,2.73
18.06,2.74
18.06,2.71
18.06,2.74
18.06,2.74
18.06,2.74
18.12,2.74
18.12,2.73
18.12,2.71
18.12,2.72
18.12,2.73
18.12,2.74
18.12,2.73
18.19,2.74
18.19,2.75
18.19,2.73
18.19,2.73
18.19,2.73
18.19,2.73
18.19,2.73
18.19,2.73
18.25,2.74
18.25,2.72
18.25,2.75
18.25,2.75
18.25,2.72
18.25,2.72
18.25,2.73
18.25,2.73
18.31,2.74
18.31,2.72
18.31,2.73
18.31,2.73
18.31,2.74
18.31,2.75
18.31,2.73
18.31,2.72
18.31,2.72
18.37,2.76
18.37,2.75
18.37,2.74
18.37,2.73
18.37,2.71
18.37,2.74
18.37,2.74
18.37,2.75
18.37,2.71
18.44,2.73
18.37,2.75
18.44,2.77
18.44,2.74
18.44,2.75
18.44,2.75
18.44,2.76
18.44,2.75
18.44,2.75
18.44,2.74
18.50,2.72
18.50,2.76
18.50,2.74
18.50,2.74
18.50,2.76
18.50,2.72
18.50,2.75
18.50,2.75
18.50,2.74
18.56,2.75
18.56,2.75
18.56,2.76
18.56,2.76
18.56,2.72
18.56,2.75
18.56,2.74
18.56,2.75
18.62,2.76
18.56,2.74
18.56,2.74
18.62,2.74
18.62,2.75
18.62,2.74
18.62,2.74
18.62,2.75
18.62,2.76
18.62,2.75
18.69,2.76
18.69,2.75
18.69,2.75
18.69,2.75
18.69,2.74
18.69,2.75
18.69,2.76
18.69,2.76
18.69,2.75
18.75,2.75
18.75,2.74
18.75,2.77
18.75,2.77
18.75,2.76
18.75,2.76
18.75,2.76
18.75,2.77
18.75,2.77
18.81,2.75
18.75,2.74
18.81,2.77
18.81,2.74
18.81,2.75
18.81,2.76
18.81,2.77
18.81,2.76
18.81,2.78
18.81,2.75
18.81,2.74
18.87,2.75
18.87,2.75
18.87,2.77
18.87,2.73
18.87,2.77
18.87,2.74
18.87,2.77
18.87,2.75
18.87,2.77
18.87,2.78
18.87,2.76
18.94,2.78
18.94,2.75
18.94,2.74
18.94,2.76
18.94,2.76
18.94,2.76
18.94,2.75
18.94,2.76
18.94,2.77
19.00,2.74
19.00,2.75
19.00,2.78
19.00,2.77
19.00,2.75
19.00,2.78
19.00,2.76
19.00,2.77
19.00,2.77
19.00,2.78
19.00,2.77
19.06,2.78
19.06,2.77
19.06,2.77
19.06,2.77
19.06,2.77
19.06,2.77
19.06,2.75
19.06,2.78
19.06,2.80
19.06,2.76
19.12,2.75
19.12,2.76
19.12,2.79
19.12,2.77
19.12,2.78
19.12,2.77
19.12,2.80
19.12,2.78
19.12,2.78
19.12,2.76
19.19,2.76
19.19,2.76
19.19,2.77
19.19,2.78
19.19,2.79
19.19,2.78
19.19,2.78
19.19,2.78
19.19,2.78
19.19,2.78
19.25,2.79
19.25,2.77
19.25,2.78
19.25,2.77
19.25,2.80
19.25,2.78
19.25,2.80
19.25,2.77
19.25,2.78
19.31,2.77
19.25,2.79
19.31,2.80
19.31,2.78
19.31,2.78
19.31,2.75
19.31,2.78
19.31,2.77
19.31,2.79
19.31,2.78
19.31,2.78
19.37,2.76
19.37,2.77
19.37,2.77
19.37,2.79
19.37,2.78
19.37,2.79
19.37,2.78
19.37,2.78
19.37,2.78
19.44,2.79
19.44,2.78
19.44,2.79
19.44,2.80
19.44,2.78
19.44,2.77
19.44,2.78
19.44,2.79
19.44,2.80
19.50,2.77
19.50,2.77
19.50,2.78
19.50,2.80
19.50,2.77
19.50,2.78
19.50,2.77
19.50,2.79
19.50,2.78
19.50,2.79
19.56,2.78
19.56,2.79
19.56,2.79
19.56,2.79
19.56,2.77
19.56,2.78
19.56,2.81
19.56,2.78
19.56,2.77
19.62,2.79
19.62,2.80
19.62,2.79
19.62,2.76
19.62,2.78
19.62,2.79
19.62,2.80
19.69,2.77
19.62,2.79
19.62,2.80
19.69,2.80
19.69,2.79
19.69,2.77
19.69,2.78
19.69,2.80
19.69,2.78
19.69,2.78
19.69,2.79
19.69,2.81
19.69,2.79
19.69,2.78
19.75,2.78
19.75,2.78
19.75,2.80
19.75,2.78
19.75,2.79
19.75,2.81
19.75,2.79
19.81,2.80
19.75,2.81
19.81,2.80
19.75,2.79
19.81,2.79
19.81,2.79
19.81,2.81
19.81,2.78
19.81,2.79
19.81,2.79
19.81,2.78
19.81,2.81
19.87,2.80
19.87,2.78
19.87,2.79
19.87,2.81
19.87,2.79
19.87,2.79
19.87,2.81
19.87,2.79
19.94,2.80
19.87,2.79
19.94,2.78
19.94,2.80
19.94,2.80
19.94,2.78
19.94,2.78
19.94,2.79
19.94,2.79
19.94,2.82
19.94,2.81
19.94,2.80
19.94,2.80
20.00,2.79
20.00,2.80
20.00,2.79
20.00,2.80
20.00,2.81
20.00,2.78
20.00,2.83
20.00,2.78
20.00,2.80
20.00,2.79
20.00,2.78
20.00,2.80
20.06,2.80
20.06,2.78
20.06,2.81
20.06,2.79
20.06,2.82
20.06,2.81
20.06,2.80
20.06,2.80
20.06,2.81
20.06,2.78
20.12,2.79
20.06,2.82
20.12,2.81
20.12,2.80
20.12,2.80
20.12,2.81
20.12,2.83
20.12,2.81
20.12,2.82
20.12,2.79
20.12,2.79
20.12,2.80
20.12,2.79
20.19,2.80
20.19,2.82
20.19,2.80
20.19,2.81
20.19,2.79
20.19,2.82
20.19,2.79
20.19,2.80
20.19,2.80
20.19,2.81
20.19,2.83
20.25,2.79
20.25,2.83
20.25,2.81
20.25,2.79
20.25,2.82
20.25,2.82
20.25,2.79
20.25,2.80
20.25,2.80
20.31,2.80
20.25,2.80
20.31,2.80
20.31,2.81
20.31,2.81
20.31,2.81
20.31,2.81
20.31,2.82
20.31,2.81
20.31,2.80
20.31,2.80
20.37,2.82
20.31,2.81
20.31,2.80
20.37,2.82
20.37,2.81
20.37,2.81
20.37,2.81
20.37,2.80
20.37,2.82
20.37,2.80
20.37,2.80
20.37,2.82
20.37,2.80
20.44,2.82
20.44,2.83
20.44,2.80
20.44,2.82
20.44,2.79
20.44,2.82
20.44,2.82
20.44,2.82
20.44,2.81
20.44,2.82
20.44,2.83
20.44,2.82
20.44,2.82
20.50,2.82
20.50,2.83
20.50,2.81
20.50,2.81
20.50,2.81
20.50,2.80
20.50,2.82
20.50,2.82
20.50,2.84
20.50,2.83
20.50,2.80
20.50,2.81
20.50,2.82
20.56,2.80
20.56,2.81
20.56,2.80
20.56,2.82
20.56,2.82
20.56,2.81
20.56,2.82
20.56,2.80
20.56,2.82
20.56,2.80
20.56,2.80
20.56,2.81
20.56,2.83
20.56,2.81
20.56,2.83
20.56,2.82
20.62,2.82
20.62,2.82
20.62,2.81
20.62,2.83
20.62,2.82
20.62,2.83
20.62,2.82
20.62,2.83
20.62,2.81
20.62,2.81
20.62,2.81
20.62,2.82
20.69,2.82
20.69,2.83
20.69,2.80
20.69,2.82
20.69,2.82
20.69,2.82
20.69,2.82
20.69,2.83
20.69,2.81
20.69,2.82
20.69,2.82
20.69,2.82
20.75,2.84
20.69,2.82
20.69,2.82
20.75,2.82
20.75,2.81
20.75,2.82
20.75,2.85
20.75,2.82
20.75,2.83
20.75,2.82
20.75,2.80
20.75,2.83
20.75,2.82
20.75,2.82
20.75,2.81
20.81,2.81
20.75,2.82
20.81,2.82
20.75,2.82
20.81,2.82
20.81,2.82
20.81,2.83
20.81,2.81
20.81,2.83
20.81,2.84
20.81,2.83
20.81,2.83
20.81,2.83
20.81,2.83
20.81,2.84
20.81,2.81
20.81,2.83
20.87,2.82
20.87,2.85
20.87,2.83
20.87,2.84
20.87,2.83
20.87,2.81
20.87,2.82
20.87,2.84
20.87,2.84
20.87,2.84
20.87,2.83
20.87,2.82
20.87,2.83
20.94,2.82
20.87,2.83
20.94,2.84
20.94,2.81
20.94,2.83
20.94,2.84
20.94,2.83
20.94,2.84
20.94,2.84
20.94,2.83
20.94,2.82
20.94,2.84
20.94,2.83
20.94,2.85
20.94,2.83
20.94,2.84
20.94,2.84
20.94,2.83
21.00,2.82
21.00,2.83
21.00,2.83
21.00,2.84
21.00,2.83
21.00,2.83
21.00,2.84
21.00,2.84
21.00,2.84
21.00,2.82
21.00,2.85
21.00,2.84
21.00,2.83
21.06,2.84
21.06,2.82
21.06,2.85
21.06,2.84
21.06,2.83
21.06,2.82
21.06,2.83
21.06,2.84
21.06,2.82
21.06,2.82
21.06,2.83
21.06,2.85
21.06,2.85
21.06,2.83
21.06,2.82
21.12,2.83
21.06,2.85
21.06,2.82
21.06,2.83
21.12,2.83
21.12,2.82
21.12,2.84
21.12,2.82
21.12,2.84
21.12,2.84
21.12,2.86
21.12,2.83
21.12,2.84
21.12,2.83
21.12,2.83
21.12,2.83
21.12,2.84
21.12,2.84
21.19,2.84
21.19,2.83
21.19,2.83
21.19,2.85
21.19,2.83
21.19,2.84
21.19,2.85
21.19,2.84
21.19,2.85
21.19,2.86
21.19,2.83
21.19,2.83
21.19,2.85
21.19,2.84
21.25,2.83
21.25,2.83
21.25,2.83
21.25,2.83
21.25,2.84
21.25,2.83
21.25,2.82
21.25,2.82
21.25,2.83
21.25,2.82
21.25,2.83
21.25,2.82
21.25,2.83
21.25,2.84
21.31,2.84
21.31,2.82
21.31,2.83
21.31,2.82
21.31,2.84
21.31,2.84
21.31,2.84
21.31,2.84
21.31,2.84
21.31,2.84
21.31,2.83
21.31,2.84
21.31,2.84
21.31,2.85
21.31,2.84
21.31,2.84
21.37,2.84
21.31,2.83
21.37,2.82
21.31,2.84
21.31,2.82
21.37,2.84
21.37,2.84
21.37,2.84
21.37,2.84
21.37,2.84
21.37,2.85
21.37,2.83
21.37,2.84
21.37,2.83
21.37,2.85
21.44,2.84
21.37,2.85
21.44,2.85
21.44,2.85
21.44,2.83
21.44,2.83
21.44,2.84
21.44,2.81
21.44,2.81
21.44,2.83
21.44,2.83
21.44,2.85
21.44,2.83
21.44,2.84
21.44,2.83
21.50,2.82
21.44,2.83
21.44,2.83
21.50,2.83
21.50,2.84
21.50,2.86
21.50,2.83
21.50,2.84
21.50,2.84
21.50,2.85
21.50,2.83
21.50,2.84
21.50,2.84
21.50,2.84
21.50,2.84
21.50,2.84
21.50,2.83
21.50,2.83
21.56,2.84
21.56,2.84
21.56,2.85
21.56,2.84
21.56,2.85
21.56,2.84
21.56,2.86
21.56,2.84
21.56,2.84
21.56,2.84
21.56,2.84
21.56,2.86
21.56,2.86
21.56,2.83
21.56,2.85
21.56,2.82
21.56,2.83
21.56,2.86
21.56,2.86
21.62,2.86
21.62,2.83
21.62,2.83
21.62,2.84
21.62,2.82
21.62,2.86
21.62,2.84
21.62,2.85
21.62,2.86
21.62,2.85
21.62,2.83
21.62,2.84
21.62,2.83
21.62,2.83
21.62,2.83
21.62,2.84
21.69,2.85
21.62,2.85
21.69,2.86
21.69,2.83
21.69,2.82
21.69,2.85
21.69,2.87
21.69,2.84
21.69,2.85
21.69,2.84
21.69,2.86
21.69,2.84
21.69,2.84
21.69,2.85
21.69,2.84
21.69,2.86
21.69,2.84
21.69,2.85
21.69,2.84
21.75,2.84
21.75,2.85
21.75,2.84
21.75,2.84
21.75,2.84
21.75,2.85
21.75,2.86
21.75,2.86
21.75,2.83
21.75,2.83
21.75,2.87
21.75,2.85
21.75,2.84
21.75,2.85
21.75,2.84
21.81,2.83
21.81,2.84
21.81,2.86
21.81,2.85
21.81,2.84
21.81,2.85
21.81,2.83
21.81,2.86
21.81,2.84
21.81,2.85
21.81,2.86
21.81,2.88
21.81,2.84
21.81,2.84
21.81,2.86
21.81,2.83
21.81,2.87
21.81,2.83
21.81,2.85
21.81,2.84
21.81,2.86
21.87,2.85
21.87,2.86
21.87,2.84
21.87,2.86
21.87,2.86
21.87,2.86
21.87,2.84
21.87,2.85
21.87,2.87
21.87,2.87
21.87,2.85
21.87,2.87
21.87,2.83
21.87,2.85
21.87,2.85
21.87,2.84
21.87,2.87
21.87,2.84
21.87,2.85
21.94,2.86
21.94,2.84
21.94,2.85
21.94,2.85
21.94,2.87
21.94,2.86
21.94,2.84
21.94,2.85
21.94,2.86
21.94,2.87
21.94,2.85
21.94,2.85
21.94,2.86
21.94,2.86
21.94,2.86
21.94,2.84
21.94,2.85
22.00,2.86
22.00,2.87
22.00,2.86
22.00,2.85
22.00,2.86
22.00,2.87
22.00,2.85
22.00,2.86
22.00,2.86
22.00,2.86
22.00,2.85
22.00,2.85
22.00,2.84
22.00,2.84
22.00,2.84
22.06,2.86
22.06,2.87
22.06,2.85
22.06,2.85
22.00,2.85
22.06,2.84
22.06,2.85
22.06,2.85
22.06,2.86
22.06,2.87
22.06,2.86
22.06,2.85
22.06,2.86
22.06,2.84
22.06,2.87
22.06,2.85
22.06,2.86
22.06,2.85
22.06,2.85
22.06,2.85
22.12,2.86
22.12,2.88
22.12,2.87
22.06,2.86
22.12,2.87
22.12,2.86
22.12,2.85
22.12,2.86
22.12,2.87
22.12,2.85
22.12,2.85
22.12,2.88
22.12,2.87
22.12,2.83
22.12,2.87
22.12,2.85
22.12,2.86
22.12,2.86
22.12,2.85
22.12,2.86
22.12,2.88
22.19,2.85
22.19,2.86
22.19,2.86
22.19,2.87
22.19,2.85
22.19,2.87
22.19,2.87
22.19,2.85
22.19,2.86
22.19,2.85
22.19,2.86
22.19,2.87
22.19,2.86
22.19,2.84
22.19,2.86
22.19,2.87
22.19,2.87
22.19,2.84
22.25,2.86
22.25,2.85
22.25,2.86
22.25,2.87
22.25,2.87
22.25,2.85
22.25,2.88
22.25,2.86
22.25,2.84
22.25,2.85
22.25,2.85
22.25,2.85
22.25,2.86
22.25,2.89
22.25,2.87
22.25,2.87
22.25,2.86
22.25,2.87
22.25,2.86
22.31,2.86
22.31,2.86
22.31,2.87
22.31,2.87
22.31,2.86
22.31,2.86
22.31,2.87
22.31,2.87
22.31,2.87
22.31,2.88
22.31,2.87
22.31,2.88
22.31,2.87
22.31,2.85
22.31,2.87
22.31,2.86
22.31,2.86
22.31,2.88
22.31,2.86
22.31,2.87
22.31,2.85
22.31,2.85
22.37,2.86
22.37,2.87
22.37,2.88
22.37,2.88
22.37,2.86
22.37,2.87
22.37,2.85
22.37,2.86
22.37,2.86
22.37,2.88
22.37,2.88
22.37,2.89
22.37,2.88
22.37,2.86
22.44,2.86
22.37,2.87
22.37,2.87
22.37,2.88
22.37,2.86
22.44,2.85
22.44,2.89
22.44,2.87
22.44,2.87
22.44,2.87
22.44,2.87
22.44,2.86
22.44,2.87
22.44,2.86
22.44,2.87
22.44,2.86
22.44,2.88
22.44,2.87
22.44,2.87
22.50,2.86
22.50,2.87
22.50,2.88
22.50,2.87
22.50,2.87
22.50,2.86
22.50,2.86
22.50,2.87
22.50,2.87
22.50,2.87
22.50,2.87
22.50,2.87
22.50,2.88
22.50,2.88
22.50,2.88
22.50,2.87
22.50,2.87
22.50,2.87
22.50,2.87
22.50,2.87
22.50,2.89
22.50,2.86
22.56,2.85
22.56,2.87
22.56,2.86
22.56,2.87
22.56,2.87
22.56,2.88
22.56,2.88
22.56,2.87
22.56,2.87
22.56,2.88
22.56,2.88
22.56,2.89
22.56,2.87
22.56,2.88
22.56,2.88
22.56,2.88
22.56,2.88
22.56,2.90
22.56,2.87
22.56,2.85
22.62,2.87
22.56,2.87
22.56,2.88
22.62,2.90
22.62,2.86
22.62,2.89
22.62,2.85
22.62,2.90
22.62,2.90
22.62,2.90
22.62,2.89
22.62,2.87
22.62,2.89
22.62,2.87
22.62,2.89
22.62,2.88
22.62,2.88
22.62,2.89
22.62,2.90
22.62,2.88
22.69,2.88
22.69,2.88
22.69,2.90
22.69,2.90
22.69,2.88
22.69,2.90
22.69,2.88
22.69,2.87
22.69,2.90
22.69,2.88
22.69,2.89
22.69,2.89
22.69,2.88
22.69,2.90
22.69,2.86
22.69,2.88
22.69,2.87
22.69,2.91
22.69,2.87
22.75,2.87
22.69,2.87
22.69,2.89
22.75,2.89
22.75,2.89
22.75,2.90
22.75,2.90
22.75,2.86
22.75,2.90
22.75,2.88
22.75,2.89
22.75,2.90
22.75,2.87
22.75,2.89
22.75,2.89
22.75,2.89
22.75,2.90
22.75,2.88
22.81,2.89
22.81,2.90
22.75,2.90
22.75,2.91
22.81,2.88
22.81,2.90
22.81,2.88
22.81,2.90
22.81,2.89
22.81,2.89
22.81,2.90
22.81,2.90
22.81,2.89
22.81,2.88
22.81,2.90
22.81,2.90
22.81,2.91
22.81,2.89
22.81,2.90
22.81,2.90
22.81,2.91
22.87,2.88
22.87,2.92
22.87,2.90
22.87,2.89
22.87,2.89
22.87,2.89
22.87,2.90
22.87,2.91
22.87,2.90
22.87,2.88
22.87,2.88
22.87,2.89
22.87,2.89
22.87,2.90
22.87,2.91
22.87,2.89
22.87,2.88
22.94,2.89
22.87,2.92
22.87,2.91
22.94,2.91
22.94,2.91
22.94,2.90
22.94,2.89
22.87,2.90
22.94,2.91
22.94,2.92
22.94,2.91
22.94,2.91
22.94,2.88
22.94,2.89
22.94,2.91
22.94,2.91
22.94,2.91
22.94,2.90
22.94,2.92
22.94,2.89
23.00,2.90
23.00,2.89
23.00,2.88
23.00,2.90
22.94,2.92
23.00,2.92
23.00,2.90
23.00,2.91
23.00,2.90
23.00,2.90
23.00,2.91
23.00,2.91
23.00,2.91
23.00,2.92
23.00,2.88
23.00,2.90
23.00,2.92
23.00,2.92
23.00,2.90
23.00,2.91
23.00,2.89
23.06,2.91
23.00,2.92
23.06,2.92
23.06,2.92
23.06,2.90
23.06,2.90
23.06,2.92
23.06,2.92
23.06,2.92
23.06,2.92
23.06,2.91
23.06,2.92
23.06,2.90
23.06,2.92
23.06,2.92
23.06,2.92
23.06,2.92
23.06,2.91
23.06,2.92
23.06,2.93
23.06,2.92
23.12,2.92
23.06,2.91
23.06,2.92
23.06,2.93
23.12,2.93
23.12,2.93
23.12,2.93
23.12,2.94
23.12,2.93
23.12,2.95
23.12,2.95
23.12,2.94
23.12,2.93
23.12,2.94
23.12,2.94
23.12,2.97
23.12,2.95
23.12,2.83
23.12,2.83
23.12,2.82
23.19,2.83
23.12,2.83
23.19,2.83
23.19,2.83
23.19,2.82
23.19,2.82
23.19,2.85
23.19,2.80
23.19,2.84
23.19,2.82
23.19,2.82
23.19,2.84
23.19,2.84
23.19,2.83
23.19,2.82
23.19,2.85
23.19,2.83
23.19,2.84
23.19,2.84
23.19,2.82
23.19,2.83
23.19,2.83
23.19,2.84
23.19,2.82
23.25,2.81
23.25,2.83
23.25,2.84
23.25,2.83
23.25,2.84
23.25,2.83
23.25,2.83
23.25,2.84
23.25,2.83
23.25,2.85
23.25,2.82
23.25,2.85
23.25,2.84
23.25,2.83
23.25,2.85
23.25,2.83
23.25,2.82
23.25,2.85
23.25,2.83
23.25,2.83
23.25,2.84
23.25,2.84
23.31,2.83
23.31,2.85
23.31,2.84
23.31,2.81
23.31,2.84
23.31,2.84
23.31,2.84
23.31,2.84
23.31,2.83
23.31,2.85
23.31,2.84
23.31,2.86
23.31,2.83
23.31,2.86
23.31,2.86
23.31,2.84
23.31,2.87
23.31,2.87
23.31,2.85
23.31,2.84
23.31,2.86
23.31,2.85
23.37,2.87
23.37,2.87
23.37,2.86
23.37,2.87
23.37,2.85
23.37,2.87
23.37,2.85
23.37,2.86
23.37,2.88
23.37,2.88
23.37,2.87
23.37,2.90
23.37,2.90
23.37,2.90
23.37,2.96
23.37,2.87
23.37,2.85
23.37,2.87
23.37,2.87
23.37,2.88
23.44,2.87
23.44,2.87
23.44,2.87
23.44,2.88
23.44,2.88
23.44,2.88
23.44,2.88
23.44,2.89
23.44,2.89
23.44,2.88
23.44,2.86
23.44,2.87
23.44,2.90
23.44,2.88
23.44,2.89
23.44,2.89
23.44,2.89
23.44,2.88
23.44,2.88
23.44,2.89
23.44,2.89
23.50,2.89
23.50,2.89
23.50,2.89
23.50,2.88
23.50,2.88
23.50,2.88
23.50,2.89
23.50,2.87
23.50,2.89
23.50,2.88
23.50,2.90
23.50,2.91
23.50,2.87
23.50,2.90
23.50,2.88
23.50,2.89
23.50,2.88
23.56,2.88
23.56,2.88
23.56,2.89
23.50,2.87
23.56,2.90
23.56,2.88
23.56,2.90
23.56,2.89
23.56,2.88
23.56,2.89
23.56,2.88
23.56,2.87
23.56,2.90
23.56,2.90
23.56,2.89
23.56,2.89
23.56,2.89
23.56,2.89
23.56,2.89
23.56,2.90
23.62,2.88
23.56,2.91
23.56,2.90
23.62,2.89
23.62,2.90
23.62,2.90
23.62,2.92
23.62,2.89
23.62,2.90
23.62,2.91
23.62,2.90
23.62,2.89
23.62,2.91
23.62,2.89
23.62,2.93
23.62,2.90
23.62,2.89
23.62,2.90
23.62,2.89
23.69,2.91
23.62,2.90
23.69,2.90
23.69,2.91
23.69,2.90
23.69,2.91
23.69,2.92
23.69,2.90
23.69,2.92
23.69,2.90
23.69,2.92
23.69,2.92
23.69,2.92
23.69,2.89
23.69,2.90
23.69,2.93
23.69,2.90
23.69,2.92
23.69,2.92
23.69,2.91
23.75,2.93
23.75,2.91
23.69,2.94
23.75,2.92
23.75,2.94
23.75,2.92
23.75,2.93
23.75,2.93
23.75,2.95
23.75,2.93
23.75,2.94
23.75,2.92
23.75,2.91
23.75,2.92
23.75,2.92
23.75,2.92
23.75,2.93
23.75,2.92
23.75,2.92
23.75,2.92
23.81,2.92
23.81,2.90
23.75,2.92
23.75,2.91
23.81,2.93
23.81,2.93
23.81,2.93
23.81,2.94
23.81,2.92
23.81,2.92
23.81,2.93
23.81,2.92
23.81,2.93
23.81,2.93
23.81,2.93
23.81,2.94
23.81,2.93
23.81,2.92
23.81,2.92
23.81,2.93
23.81,2.93
23.81,2.92
23.87,2.94
23.81,2.92
23.87,2.93
23.87,2.93
23.87,2.94
23.87,2.94
23.87,2.93
23.87,2.93
23.87,2.95
23.87,2.94
23.87,2.95
23.87,2.94
23.87,2.94
23.87,2.94
23.87,2.93
23.87,2.94
23.87,2.94
23.87,2.93
23.87,2.94
23.94,2.93
23.94,2.94
23.87,2.94
23.94,2.93
23.94,2.95
23.94,2.94
23.94,2.96
23.94,2.95
23.94,2.94
23.94,2.94
23.94,2.97
23.94,2.94
23.94,2.96
23.94,2.95
23.94,2.95
23.94,2.95
23.94,2.98
23.94,2.96
23.94,2.98
23.94,2.98
23.94,2.96
23.94,2.97
23.94,2.98
23.94,2.85
24.00,2.86
24.00,2.86
24.00,2.87
24.00,2.86
24.00,2.87
24.00,2.86
24.00,2.86
24.00,2.87
24.00,2.87
24.00,2.86
24.00,2.86
24.00,2.87
24.00,2.86
24.00,2.87
24.00,2.86
24.00,2.88
24.00,2.88
24.00,2.88
24.00,2.89
24.06,2.89
24.06,2.89
24.06,2.88
24.06,2.89
24.06,2.90
24.06,2.89
24.06,2.90
24.06,2.91
24.06,2.92
24.06,2.89
24.06,2.94
24.06,2.95
24.06,2.94
24.06,2.94
24.06,2.94
24.06,2.96
24.06,2.96
24.06,2.96
24.06,2.97
24.06,2.98
24.06,2.99
24.12,2.97
24.06,2.97
24.06,3.02
24.12,2.84
24.06,2.84
24.12,2.83
24.12,2.84
24.12,2.84
24.12,2.84
24.12,2.85
24.12,2.83
24.12,2.82
24.12,2.85
24.12,2.84
24.12,2.84
24.12,2.84
24.12,2.86
24.12,2.84
24.12,2.83
24.12,2.84
24.12,2.84
24.12,2.84
24.12,2.85
24.12,2.83
24.19,2.84
24.12,2.83
24.19,2.85
24.19,2.84
24.19,2.84
24.19,2.84
24.19,2.84
24.19,2.84
24.19,2.86
24.19,2.84
24.19,2.83
24.19,2.85
24.19,2.86
24.19,2.83
24.19,2.86
24.19,2.84
24.19,2.84
24.19,2.84
24.19,2.86
24.19,2.84
24.19,2.85
24.19,2.84
24.19,2.86
24.19,2.84
24.25,2.85
24.25,2.86
24.25,2.85
24.25,2.84
24.25,2.86
24.25,2.84
24.25,2.85
24.25,2.83
24.25,2.85
24.25,2.83
24.25,2.84
24.25,2.84
24.25,2.84
24.25,2.86
24.25,2.86
24.25,2.84
24.25,2.85
24.25,2.85
24.25,2.84
24.25,2.85
24.25,2.86
24.31,2.85
24.25,2.83
24.31,2.86
24.31,2.86
24.31,2.83
24.31,2.85
24.31,2.85
24.31,2.85
24.31,2.85
24.31,2.87
24.31,2.83
24.31,2.84
24.31,2.84
24.31,2.84
24.31,2.85
24.31,2.85
24.31,2.84
24.31,2.84
24.31,2.85
24.31,2.85
24.31,2.84
24.31,2.84
24.31,2.86
24.31,2.85
24.31,2.85
24.31,2.84
24.31,2.83
24.31,2.84
24.37,2.86
24.31,2.84
24.37,2.88
24.37,2.86
24.37,2.84
24.37,2.84
24.37,2.85
24.37,2.82
24.37,2.85
24.37,2.87
24.37,2.85
24.37,2.83
24.37,2.86
24.37,2.83
24.37,2.85
24.37,2.84
24.37,2.85
24.37,2.86
24.37,2.87
24.37,2.85
24.37,2.86
24.37,2.87
24.37,2.86
24.37,2.85
24.44,2.87
24.44,2.85
24.44,2.84
24.44,2.82
24.37,2.87
24.44,2.85
24.44,2.84
24.44,2.84
24.44,2.86
24.44,2.84
24.44,2.85
24.44,2.85
24.44,2.85
24.44,2.85
24.44,2.86
24.44,2.87
24.44,2.86
24.44,2.84
24.44,2.84
24.44,2.84
24.44,2.85
24.44,2.85
24.44,2.83
24.44,2.88
24.44,2.84
24.44,2.85
24.50,2.85
24.44,2.88
24.50,2.84
24.50,2.88
24.50,2.85
24.50,2.85
24.50,2.86
24.50,2.85
24.50,2.85
24.50,2.85
24.50,2.85
24.50,2.87
24.50,2.84
24.50,2.85
24.50,2.84
24.50,2.86
24.50,2.85
24.50,2.85
24.50,2.85
24.50,2.87
24.50,2.84
24.50,2.85
24.50,2.85
24.50,2.84
24.56,2.85
24.50,2.85
24.56,2.87
24.56,2.85
24.56,2.85
24.50,2.85
24.56,2.86
24.56,2.84
24.56,2.84
24.56,2.86
24.56,2.86
24.56,2.86
24.56,2.85
24.56,2.85
24.56,2.85
24.56,2.85
24.56,2.84
24.56,2.84
24.56,2.86
24.56,2.85
24.56,2.85
24.56,2.86
24.56,2.85
24.62,2.85
24.56,2.86
24.62,2.87
24.62,2.86
24.62,2.87
24.62,2.84
24.62,2.86
24.62,2.85
24.62,2.85
24.62,2.84
24.62,2.86
24.62,2.84
24.62,2.84
24.62,2.85
24.62,2.86
24.62,2.86
24.62,2.85
24.62,2.86
24.62,2.86
24.62,2.85
24.62,2.84
24.69,2.87
24.62,2.86
24.62,2.87
24.62,2.87
24.62,2.86
24.69,2.86
24.62,2.86
24.69,2.88
24.69,2.85
24.69,2.87
24.69,2.86
24.69,2.86
24.69,2.87
24.69,2.87
24.69,2.85
24.69,2.86
24.69,2.86
24.69,2.87
24.69,2.85
24.69,2.85
24.69,2.85
24.69,2.84
24.69,2.85
24.69,2.86
24.75,2.87
24.69,2.86
24.69,2.85
24.69,2.86
24.69,2.87
24.75,2.86
24.75,2.85
24.75,2.86
24.75,2.86
24.75,2.86
24.75,2.87
24.75,2.87
24.75,2.86
24.75,2.87
24.75,2.86
24.75,2.87
24.75,2.86
24.75,2.87
24.75,2.86
24.75,2.85
24.75,2.87
24.75,2.87
24.75,2.87
24.75,2.85
24.75,2.86
24.75,2.85
24.81,2.87
24.75,2.86
24.81,2.86
24.81,2.87
24.75,2.88
24.81,2.86
24.81,2.86
24.81,2.86
24.81,2.87
24.81,2.86
24.81,2.85
24.81,2.86
24.81,2.84
24.81,2.86
24.81,2.85
24.81,2.85
24.81,2.87
24.81,2.86
24.81,2.88
24.81,2.87
24.81,2.85
24.81,2.88
24.81,2.86
24.81,2.86
24.81,2.88
24.81,2.87
24.81,2.84
24.81,2.87
24.81,2.86
24.81,2.86
24.87,2.86
24.87,2.87
24.87,2.86
24.81,2.85
24.87,2.87
24.87,2.88
24.87,2.86
24.87,2.87
24.87,2.87
24.87,2.89
24.87,2.88
24.87,2.86
24.87,2.87
24.87,2.85
24.87,2.88
24.87,2.88
24.87,2.87
24.87,2.87
24.87,2.86
24.87,2.87
24.87,2.88
24.87,2.88
24.87,2.89
24.94,2.86
24.87,2.88
24.94,2.87
24.94,2.86
24.94,2.87
24.94,2.87
24.94,2.87
24.94,2.88
24.94,2.87
24.94,2.89
24.94,2.88
24.94,2.87
24.94,2.88
24.94,2.88
24.94,2.88
24.94,2.88
24.94,2.86
24.94,2.88
24.94,2.87
24.94,2.86
24.94,2.86
24.94,2.88
24.94,2.87
24.94,2.87
24.94,2.86
24.94,2.87
25.00,2.88
24.94,2.86
24.94,2.87
24.94,2.87
25.00,2.86
25.00,2.87
25.00,2.88
25.00,2.88
25.00,2.88
25.00,2.87
25.00,2.88
25.00,2.88
25.00,2.86
25.00,2.87
25.00,2.87
25.00,2.89
25.00,2.88
25.00,2.88
25.00,2.89
25.00,2.88
25.00,2.88
25.00,2.88
25.06,2.88
25.00,2.86
25.00,2.88
25.06,2.89
25.00,2.86
25.00,2.90
25.00,2.89
25.06,2.90
25.06,2.89
25.06,2.89
25.06,2.87
25.06,2.88
25.06,2.90
25.06,2.89
25.06,2.86
25.06,2.88
25.06,2.87
25.06,2.86
25.06,2.88
25.06,2.88
25.06,2.87
25.06,2.88
25.06,2.89
25.06,2.88
25.06,2.89
25.06,2.88
25.06,2.88
25.12,2.88
25.06,2.88
25.06,2.87
25.06,2.89
25.06,2.88
25.06,2.88
25.12,2.91
25.12,2.88
25.12,2.87
25.12,2.88
25.12,2.88
25.12,2.89
25.12,2.89
25.12,2.89
25.12,2.88
25.12,2.88
25.12,2.89
25.12,2.89
25.12,2.90
25.12,2.89
25.12,2.89
25.12,2.88
25.12,2.88
25.12,2.89
25.12,2.88
25.12,2.90
25.12,2.89
25.12,2.90
25.19,2.89
25.12,2.87
25.19,2.91
25.19,2.89
25.19,2.89
25.19,2.91
25.19,2.88
25.19,2.88
25.19,2.89
25.19,2.90
25.19,2.90
25.19,2.89
25.19,2.89
25.19,2.90
25.19,2.89
25.19,2.90
25.19,2.91
25.19,2.90
25.19,2.90
25.19,2.91
25.19,2.91
25.19,2.90
25.19,2.91
25.19,2.92
25.19,2.90
25.19,2.92
25.19,2.91
25.25,2.91
25.25,2.93
25.25,2.91
25.25,2.92
25.25,2.91
25.25,2.94
25.25,2.92
25.25,2.91
25.25,2.93
25.25,2.93
25.25,2.98
25.25,2.94
25.25,2.88
25.25,2.87
﻿ 38.56,2.96
38.56,2.98
38.56,2.97
38.56,2.97
38.56,2.97
38.50,2.97
38.50,2.97
38.50,2.97
38.50,2.96
38.50,2.96
38.50,2.95
38.50,2.96
38.44,2.96
38.44,2.97
38.44,2.97
38.44,2.97
38.44,2.97
38.44,2.96
38.44,2.97
38.44,2.96
38.38,2.97
38.38,2.96
38.38,2.97
38.38,2.97
38.38,2.97
38.38,2.98
38.38,2.96
38.38,2.96
38.31,2.96
38.31,2.97
38.31,2.96
38.31,2.95
38.31,2.96
38.31,2.96
38.31,2.95
38.25,2.96
38.25,2.97
38.25,2.97
38.25,2.96
38.25,2.96
38.25,2.96
38.25,2.97
38.25,2.96
38.25,2.96
38.25,2.97
38.19,2.96
38.19,2.97
38.19,2.97
38.19,2.96
38.19,2.96
38.19,2.96
38.19,2.96
38.19,2.97
38.19,2.95
38.13,2.96
38.13,2.97
38.13,2.97
38.13,2.96
38.13,2.96
38.13,2.96
38.13,2.96
38.13,2.96
38.06,2.96
38.06,2.97
38.06,2.97
38.06,2.96
38.06,2.96
38.06,2.95
38.06,2.96
38.06,2.97
38.06,2.96
38.06,2.95
38.00,2.96
38.00,2.95
38.00,2.96
38.00,2.95
38.00,2.96
38.00,2.96
38.00,2.96
38.00,2.96
38.00,2.96
37.94,2.96
37.94,2.95
37.94,2.96
37.94,2.97
37.94,2.97
37.94,2.96
37.94,2.96
37.94,2.96
37.94,2.96
37.88,2.96
37.88,2.97
37.88,2.96
37.88,2.97
37.88,2.97
37.88,2.97
37.88,2.96
37.88,2.95
37.88,2.96
37.88,2.97
37.81,2.97
37.81,2.96
37.81,2.95
37.81,2.96
37.81,2.97
37.81,2.96
37.81,2.97
37.81,2.96
37.81,2.97
37.81,2.97
37.75,2.96
37.75,2.96
37.75,2.95
37.75,2.96
37.75,2.96
37.75,2.96
37.75,2.97
37.75,2.96
37.75,2.96
37.75,2.97
37.75,2.96
37.69,2.96
37.69,2.96
37.69,2.96
37.69,2.96
37.69,2.96
37.69,2.97
37.69,2.96
37.69,2.97
37.69,2.96
37.69,2.97
37.63,2.97
37.63,2.96
37.63,2.97
37.63,2.95
37.63,2.95
37.63,2.97
37.63,2.98
37.63,2.95
37.63,2.97
37.63,2.96
37.56,2.97
37.56,2.96
37.56,2.96
37.56,2.95
37.56,2.96
37.56,2.97
37.56,2.96
37.56,2.96
37.56,2.96
37.50,2.96
37.50,2.97
37.50,2.97
37.50,2.96
37.50,2.96
37.50,2.95
37.50,2.97
37.50,2.97
37.50,2.96
37.50,2.96
37.50,2.96
37.50,2.96
37.50,2.97
37.44,2.95
37.44,2.96
37.44,2.96
37.44,2.95
37.44,2.96
37.44,2.97
37.44,2.96
37.44,2.95
37.44,2.96
37.38,2.96
37.38,2.96
37.38,2.97
37.38,2.95
37.38,2.97
37.38,2.96
37.38,2.97
37.38,2.96
37.38,2.97
37.38,2.96
37.38,2.96
37.38,2.97
37.31,2.96
37.31,2.96
37.31,2.97
37.31,2.96
37.31,2.96
37.31,2.96
37.31,2.96
37.31,2.97
37.31,2.96
37.31,2.97
37.31,2.97
37.25,2.97
37.31,2.98
37.25,2.99
37.25,2.97
37.25,2.97
37.25,2.97
37.25,2.98
37.25,2.98
37.25,2.97
37.25,2.98
37.25,3.00
37.25,2.99
37.19,2.99
37.19,2.98
37.19,2.96
37.19,2.97
37.19,2.97
37.19,2.98
37.19,2.97
37.19,2.97
37.19,2.98
37.19,2.98
37.19,2.98
37.19,2.98
37.13,2.97
37.13,2.97
37.13,2.98
37.13,2.98
37.13,2.98
37.13,2.97
37.13,2.97
37.13,2.97
37.13,2.98
37.13,2.98
37.13,2.98
37.13,2.98
37.06,2.97
37.06,2.98
37.06,2.98
37.06,3.00
37.06,2.99
37.06,3.00
37.06,3.01
37.06,3.02
37.06,3.03
37.06,3.00
37.06,2.99
37.00,3.00
37.00,2.95
37.00,2.95
37.00,2.95
37.00,2.96
37.00,2.96
37.00,2.95
37.00,2.95
37.00,2.95
37.00,2.96
37.00,2.95
37.00,2.96
36.94,2.95
36.94,2.96
36.94,2.95
36.94,2.95
36.94,2.96
36.94,2.95
36.94,2.96
36.94,2.95
36.94,2.95
36.94,2.95
36.94,2.96
36.94,2.97
36.88,2.96
36.88,2.96
36.88,2.96
36.88,2.96
36.88,2.96
36.88,2.95
36.88,2.96
36.88,2.95
36.88,2.95
36.88,2.95
36.88,2.95
36.88,2.95
36.81,2.96
36.81,2.95
36.81,2.95
36.81,2.95
36.81,2.95
36.81,2.95
36.81,2.95
36.81,2.95
36.81,2.95
36.81,2.96
36.81,2.96
36.81,2.95
36.75,2.95
36.75,2.95
36.75,2.96
36.75,2.95
36.75,2.96
36.75,2.96
36.75,2.95
36.75,2.95
36.75,2.96
36.75,2.95
36.75,2.95
36.75,2.96
36.75,2.96
36.75,2.95
36.69,2.96
36.69,2.95
36.69,2.96
36.69,2.95
36.69,2.94
36.69,2.95
36.69,2.95
36.69,2.95
36.69,2.96
36.69,2.96
36.63,2.95
36.69,2.96
36.63,2.95
36.63,2.96
36.63,2.95
36.63,2.95
36.63,2.95
36.63,2.96
36.63,2.96
36.63,2.95
36.63,2.95
36.63,2.95
36.63,2.95
36.56,2.96
36.56,2.95
36.56,2.95
36.56,2.95
36.56,2.97
36.56,2.95
36.56,2.96
36.56,2.95
36.56,2.95
36.56,2.96
36.56,2.96
36.56,2.96
36.50,2.96
36.50,2.96
36.50,2.95
36.50,2.96
36.50,2.94
36.50,2.96
36.50,2.95
36.50,2.95
36.50,2.96
36.50,2.95
36.50,2.96
36.50,2.95
36.50,2.94
36.50,2.96
36.44,2.96
36.44,2.96
36.44,2.95
36.44,2.96
36.44,2.96
36.44,2.96
36.44,2.95
36.44,2.95
36.44,2.96
36.44,2.95
36.44,2.95
36.44,2.95
36.44,2.95
36.38,2.96
36.38,2.95
36.38,2.96
36.38,2.96
36.38,2.95
36.38,2.96
36.38,2.95
36.38,2.95
36.38,2.95
36.38,2.96
36.38,2.95
36.38,2.96
36.31,2.95
36.38,2.95
36.31,2.96
36.31,2.95
36.31,2.96
36.31,2.95
36.31,2.96
36.31,2.94
36.31,2.95
36.31,2.96
36.31,2.95
36.31,2.95
36.31,2.96
36.31,2.96
36.31,2.95
36.25,2.95
36.25,2.95
36.25,2.96
36.25,2.96
36.25,2.97
36.25,2.94
36.25,2.95
36.25,2.96
36.25,2.95
36.25,2.95
36.25,2.95
36.25,2.96
36.25,2.95
36.25,2.95
36.19,2.96
36.25,2.96
36.19,2.95
36.19,2.96
36.19,2.95
36.19,2.94
36.19,2.95
36.19,2.95
36.19,2.96
36.19,2.96
36.19,2.96
36.19,2.94
36.13,2.96
36.19,2.96
36.13,2.96
36.13,2.95
36.13,2.95
36.13,2.96
36.13,2.95
36.13,2.96
36.13,2.95
36.13,2.95
36.13,2.95
36.13,2.96
36.13,2.95
36.13,2.96
36.06,2.95
36.13,2.95
36.06,2.96
36.06,2.96
36.06,2.95
36.06,2.96
36.06,2.96
36.06,2.95
36.06,2.95
36.06,2.95
36.06,2.96
36.00,2.96
36.00,2.95
36.06,2.95
36.00,2.94
36.00,2.95
36.00,2.96
36.00,2.96
36.00,2.95
36.00,2.96
36.00,2.94
36.00,2.95
36.00,2.94
36.00,2.95
36.00,2.95
35.94,2.96
35.94,2.94
35.94,2.96
35.94,2.96
35.94,2.95
35.94,2.96
35.94,2.95
35.94,2.96
35.94,2.95
35.94,2.95
35.94,2.95
35.94,2.96
35.94,2.95
35.88,2.95
35.94,2.95
35.88,2.95
35.88,2.95
35.88,2.95
35.88,2.95
35.88,2.95
35.88,2.95
35.88,2.95
35.88,2.94
35.88,2.95
35.88,2.95
35.81,2.96
35.81,2.96
35.81,2.94
35.81,2.96
35.81,2.95
35.81,2.95
35.81,2.96
35.81,2.95
35.81,2.95
35.81,2.94
35.81,2.95
35.81,2.94
35.81,2.95
35.81,2.95
35.75,2.95
35.75,2.94
35.75,2.95
35.75,2.95
35.75,2.95
35.75,2.95
35.75,2.94
35.75,2.96
35.75,2.94
35.75,2.95
35.75,2.94
35.75,2.95
35.75,2.95
35.75,2.97
35.75,2.95
35.69,2.95
35.69,2.94
35.69,2.94
35.69,2.96
35.69,2.96
35.69,2.94
35.69,2.95
35.69,2.95
35.69,2.96
35.69,2.96
35.69,2.95
35.69,2.95
35.63,2.96
35.69,2.95
35.63,2.95
35.69,2.95
35.63,2.94
35.63,2.95
35.63,2.95
35.63,2.95
35.63,2.95
35.63,2.95
35.63,2.95
35.63,2.95
35.63,2.95
35.63,2.95
35.56,2.94
35.63,2.95
35.56,2.95
35.56,2.96
35.56,2.96
35.56,2.95
35.56,2.95
35.56,2.96
35.56,2.94
35.56,2.95
35.56,2.95
35.56,2.96
35.56,2.96
35.56,2.95
35.56,2.96
35.56,2.95
35.56,2.95
35.50,2.96
35.50,2.96
35.50,2.94
35.50,2.95
35.50,2.95
35.50,2.95
35.50,2.94
35.50,2.95
35.50,2.96
35.50,2.96
35.50,2.96
35.50,2.96
35.50,2.94
35.50,2.95
35.50,2.95
35.50,2.95
35.44,2.95
35.44,2.95
35.44,2.95
35.44,2.94
35.44,2.94
35.44,2.95
35.44,2.95
35.44,2.94
35.44,2.96
35.44,2.95
35.44,2.95
35.44,2.95
35.44,2.95
35.38,2.96
35.38,2.96
35.38,2.96
35.38,2.96
35.44,2.96
35.38,2.96
35.38,2.95
35.38,2.95
35.38,2.96
35.38,2.95
35.38,2.94
35.38,2.94
35.38,2.96
35.38,2.95
35.38,2.96
35.38,2.95
35.38,2.95
35.31,2.95
35.31,2.96
35.31,2.95
35.31,2.95
35.31,2.95
35.31,2.94
35.31,2.95
35.31,2.96
35.31,2.95
35.31,2.95
35.31,2.95
35.31,2.96
35.31,2.95
35.25,2.95
35.25,2.95
35.25,2.95
35.25,2.95
35.25,2.95
35.25,2.95
35.25,2.96
35.25,2.95
35.25,2.95
35.25,2.95
35.25,2.95
35.25,2.95
35.25,2.95
35.25,2.96
35.25,2.95
35.25,2.94
35.25,2.97
35.19,2.96
35.25,2.94
35.19,2.94
35.19,2.94
35.19,2.96
35.19,2.96
35.19,2.96
35.19,2.94
35.19,2.96
35.19,2.96
35.19,2.96
35.19,2.96
35.19,2.95
35.19,2.95
35.13,2.96
35.19,2.95
35.13,2.96
35.13,2.95
35.13,2.96
35.13,2.95
35.13,2.95
35.13,2.95
35.13,2.95
35.13,2.96
35.13,2.96
35.13,2.96
35.13,2.95
35.13,2.95
35.13,2.97
35.13,2.96
35.13,2.95
35.06,2.96
35.13,2.96
35.13,2.96
35.13,2.96
35.13,2.96
35.06,2.94
35.06,2.96
35.06,2.96
35.06,2.96
35.06,2.95
35.06,2.95
35.06,2.95
35.06,2.97
35.06,2.96
35.06,2.96
35.06,2.95
35.00,2.94
35.00,2.95
35.06,2.96
35.06,2.95
35.00,2.96
35.00,2.96
35.00,2.95
35.00,2.95
35.00,2.95
35.00,2.95
35.00,2.95
35.00,2.97
35.00,2.95
35.00,2.96
35.00,2.95
35.00,2.97
35.00,2.96
35.00,2.97
35.00,2.95
35.00,2.96
35.00,2.96
35.00,2.95
34.94,2.96
34.94,2.95
34.94,2.97
34.94,2.96
34.94,2.97
34.94,2.95
34.94,2.95
34.94,2.96
34.94,2.95
34.94,2.96
34.94,2.96
34.94,2.95
34.94,2.96
34.94,2.96
34.94,2.95
34.94,2.95
34.88,2.96
34.88,2.96
34.94,2.96
34.88,2.95
34.88,2.96
34.88,2.96
34.88,2.97
34.88,2.96
34.88,2.95
34.88,2.95
34.88,2.96
34.88,2.96
34.88,2.96
34.88,2.96
34.88,2.96
34.88,2.96
34.88,2.97
34.88,2.97
34.88,2.96
34.88,2.96
34.81,2.96
34.81,2.96
34.81,2.96
34.81,2.96
34.81,2.95
34.81,2.95
34.81,2.96
34.81,2.96
34.81,2.97
34.81,2.97
34.81,2.96
34.81,2.97
34.81,2.96
34.81,2.97
34.81,2.96
34.75,2.96
34.75,2.95
34.75,2.97
34.75,2.99
34.75,2.95
34.75,2.95
34.75,2.96
34.75,2.98
34.75,2.96
34.75,2.97
34.75,2.98
34.75,2.96
34.75,2.97
34.75,2.98
34.75,2.97
34.75,2.97
34.69,2.97
34.75,2.97
34.69,2.98
34.69,2.96
34.69,2.98
34.69,2.97
34.69,2.97
34.69,2.96
34.69,2.96
34.69,2.96
34.69,2.97
34.69,2.98
34.69,2.97
34.69,2.97
34.69,2.97
34.69,2.97
34.69,2.98
34.63,2.98
34.63,2.97
34.63,2.97
34.63,2.96
34.63,2.97
34.63,2.97
34.63,2.97
34.63,2.97
34.63,2.97
34.63,2.98
34.63,2.98
34.63,2.96
34.63,2.97
34.63,2.98
34.63,2.98
34.63,2.97
34.63,2.97
34.63,2.98
34.56,2.98
34.56,2.98
34.56,2.97
34.56,2.98
34.56,2.97
34.56,2.98
34.56,2.98
34.56,2.98
34.56,2.98
34.56,2.98
34.56,2.98
34.56,2.98
34.56,2.99
34.56,2.98
34.56,2.98
34.56,2.98
34.50,2.97
34.56,2.98
34.50,2.99
34.50,2.98
34.50,2.99
34.50,2.98
34.50,2.98
34.50,2.99
34.50,2.98
34.50,2.99
34.50,2.99
34.50,2.98
34.50,2.99
34.50,2.99
34.50,2.98
34.50,2.97
34.50,2.98
34.50,3.00
34.50,2.99
34.50,2.99
34.50,2.99
34.50,2.98
34.44,2.99
34.50,2.99
34.44,2.98
34.44,2.98
34.44,2.98
34.44,2.99
34.44,3.00
34.44,2.99
34.44,2.99
34.44,2.99
34.44,2.98
34.44,2.99
34.44,2.99
34.44,2.99
34.44,2.99
34.44,2.99
34.44,2.98
34.44,3.01
34.44,2.99
34.44,3.00
34.44,2.99
34.44,3.00
34.38,3.00
34.38,3.00
34.38,2.99
34.38,3.00
34.38,3.01
34.38,3.00
34.38,3.01
34.38,2.99
34.38,2.99
34.38,3.00
34.38,3.01
34.38,3.01
34.38,3.02
34.38,3.01
34.38,3.02
34.38,3.01
34.38,3.02
34.38,3.01
34.31,3.02
34.31,3.03
34.31,3.03
34.31,3.03
34.31,3.03
34.31,3.07
34.31,2.98
34.31,2.97
34.31,2.97
34.31,2.97
34.31,2.99
34.31,2.98
34.31,2.98
34.31,2.98
34.31,2.98
34.31,2.98
34.31,2.98
34.31,2.99
34.31,2.98
34.31,2.98
34.31,2.98
34.31,2.98
34.25,2.99
34.31,3.00
34.25,2.98
34.25,2.99
34.25,2.97
34.25,2.98
34.25,2.98
34.25,2.97
34.25,2.99
34.25,2.99
34.25,2.98
34.25,2.99
34.25,2.99
34.25,2.99
34.25,2.98
34.25,2.97
34.25,2.98
34.25,2.99
34.25,2.99
34.25,2.99
34.25,2.99
34.25,2.98
34.25,2.99
34.19,3.00
34.19,2.99
34.19,2.99
34.19,2.99
34.19,3.01
34.19,3.01
34.19,3.01
34.19,3.02
34.19,3.01
34.19,3.02
34.19,3.04
34.19,3.02
34.19,3.03
34.19,3.02
34.19,3.02
34.19,3.03
34.19,3.04
34.19,2.95
34.19,2.95
34.19,2.95
34.19,2.95
34.13,2.95
34.13,2.94
34.19,2.96
34.13,2.95
34.13,2.96
34.13,2.97
34.13,2.95
34.13,2.96
34.13,2.96
34.13,2.96
34.13,2.95
34.13,2.95
34.13,2.95
34.13,2.96
34.13,2.95
34.13,2.96
34.13,2.94
34.13,2.95
34.13,2.97
34.06,2.96
34.13,2.95
34.13,2.96
34.06,2.96
34.06,2.96
34.06,2.95
34.06,2.96
34.06,2.95
34.06,2.97
34.06,2.96
34.06,2.96
34.06,2.95
34.06,2.95
34.06,2.96
34.06,2.96
34.06,2.95
34.06,2.96
34.00,2.97
34.06,2.96
34.00,2.96
34.00,2.96
34.00,2.96
34.00,2.96
34.00,2.96
34.00,2.96
34.00,2.95
34.00,2.97
34.00,2.96
34.00,2.96
34.00,2.97
34.00,2.97
34.00,2.95
34.00,2.96
34.00,2.97
34.00,2.96
33.94,2.95
33.94,2.96
34.00,2.96
33.94,2.96
33.94,2.96
33.94,2.95
33.94,2.96
33.94,2.97
33.94,2.96
33.94,2.96
33.94,2.97
33.94,2.96
33.94,2.96
33.94,2.97
33.94,2.96
33.94,2.97
33.94,2.95
33.94,2.96
33.88,2.97
33.88,2.97
33.88,2.96
33.88,2.98
33.88,2.96
33.88,2.97
33.88,2.97
33.88,2.97
33.88,2.97
33.88,2.96
33.88,2.97
33.88,2.97
33.88,2.97
33.88,2.97
33.88,2.97
33.88,2.96
33.88,2.96
33.88,2.97
33.88,2.97
33.81,2.97
33.81,2.96
33.81,2.96
33.81,2.98
33.81,2.97
33.81,2.96
33.81,2.97
33.81,2.97
33.81,2.98
33.81,2.98
33.81,2.98
33.81,2.99
33.81,2.98
33.81,2.97
33.81,2.96
33.75,2.99
33.75,2.99
33.75,2.98
33.75,2.98
33.75,3.00
33.75,2.98
33.75,2.99
33.75,3.00
33.75,2.99
33.75,2.99
33.75,3.00
33.75,3.00
33.75,3.01
33.75,3.00
33.75,2.99
33.75,2.99
33.75,3.00
33.75,3.01
33.69,3.01
33.69,3.04
33.69,3.05
33.69,2.95
33.69,2.97
33.69,2.96
33.69,2.98
33.69,2.97
33.69,2.96
33.69,2.96
33.69,2.96
33.69,2.97
33.69,2.97
33.69,2.96
33.69,2.97
33.63,2.97
33.63,2.97
33.63,2.97
33.63,2.96
33.63,2.95
33.63,2.97
33.63,2.97
33.63,2.98
33.63,2.96
33.63,2.96
33.63,2.97
33.63,2.97
33.63,2.97
33.63,2.97
33.63,2.97
33.63,2.97
33.63,2.96
33.63,2.96
33.63,2.97
33.63,2.97
33.56,2.97
33.56,2.96
33.56,2.96
33.56,2.97
33.56,2.96
33.56,2.97
33.56,2.96
33.56,2.96
33.56,2.97
33.56,2.97
33.56,2.98
33.56,2.96
33.56,2.98
33.56,2.97
33.56,2.97
33.56,2.97
33.56,2.96
33.56,2.96
33.50,2.97
33.56,2.97
33.50,2.97
33.50,2.97
33.50,2.97
33.50,2.97
33.50,2.97
33.50,2.95
33.50,2.98
33.50,2.96
33.50,2.97
33.50,2.95
33.50,2.96
33.50,2.97
33.50,2.96
33.50,2.96
33.50,2.96
33.50,2.96
33.44,2.95
33.44,2.97
33.44,2.96
33.44,2.96
33.44,2.97
33.44,2.96
33.44,2.97
33.44,2.96
33.44,2.97
33.44,2.97
33.44,2.96
33.44,2.97
33.44,2.96
33.44,2.97
33.44,2.96
33.44,2.97
33.44,2.96
33.44,2.95
33.44,2.97
33.44,2.97
33.38,2.96
33.44,2.98
33.38,2.96
33.38,2.96
33.38,2.98
33.38,2.97
33.38,2.97
33.38,2.96
33.38,2.97
33.38,2.97
33.38,2.97
33.38,2.96
33.38,2.96
33.38,2.97
33.38,2.96
33.38,2.98
33.38,2.97
33.38,2.97
33.38,2.98
33.38,2.96
33.38,2.98
33.38,2.97
33.31,2.97
33.31,2.96
33.38,2.97
33.38,2.97
33.31,2.96
33.31,2.97
33.31,2.96
33.31,2.97
33.31,2.97
33.31,2.97
33.31,2.97
33.31,2.96
33.31,2.97
33.31,2.96
33.31,2.96
33.31,2.96
33.31,2.96
33.31,2.97
33.31,2.97
33.31,2.97
33.31,2.97
33.31,2.96
33.25,2.97
33.25,2.97
33.25,2.97
33.31,2.97
33.25,2.97
33.25,2.97
33.25,2.95
33.25,2.96
33.25,2.96
33.25,2.97
33.25,2.96
33.25,2.97
33.25,2.96
33.25,2.96
33.25,2.97
33.25,2.97
33.25,2.96
33.25,2.97
33.25,2.96
33.25,2.98
33.19,2.97
33.25,2.97
33.25,2.96
33.19,2.96
33.19,2.97
33.19,2.97
33.19,2.95
33.19,2.97
33.19,2.96
33.19,2.97
33.19,2.96
33.19,2.98
33.19,2.96
33.19,2.96
33.19,2.96
33.19,2.96
33.19,2.96
33.19,2.96
33.19,2.95
33.19,2.96
33.13,2.97
33.19,2.98
33.19,2.97
33.19,2.97
33.19,2.96
33.19,2.97
33.13,2.97
33.13,2.95
33.13,2.98
33.13,2.97
33.13,2.97
33.13,2.97
33.13,2.97
33.13,2.96
33.13,2.97
33.13,2.97
33.13,2.96
33.13,2.97
33.13,2.96
33.13,2.96
33.13,2.97
33.13,2.96
33.13,2.97
33.13,2.96
33.13,2.96
33.13,2.97
33.13,2.97
33.13,2.96
33.13,2.97
33.06,2.97
33.06,2.96
33.06,2.97
33.06,2.97
33.06,2.96
33.06,2.97
33.06,2.96
33.06,2.98
33.06,2.97
33.06,2.96
33.06,2.97
33.06,2.96
33.06,2.97
33.06,2.96
33.06,2.95
33.06,2.96
33.06,2.97
33.06,2.98
33.06,2.96
33.06,2.97
33.06,2.98
33.00,2.97
33.00,2.97
33.06,2.98
33.06,2.96
33.00,2.96
33.00,2.96
33.00,2.97
33.00,2.96
33.00,2.96
33.00,2.98
33.00,2.96
33.00,2.97
33.00,2.96
33.00,2.98
33.00,2.97
33.00,2.97
33.00,2.97
33.00,2.97
33.00,2.96
33.00,2.97
33.00,2.98
32.94,2.97
33.00,2.98
32.94,2.97
33.00,2.96
33.00,2.98
33.00,2.96
32.94,2.97
32.94,2.97
32.94,2.97
32.94,2.97
32.94,2.98
32.94,2.97
32.94,2.97
32.94,2.97
32.94,2.96
32.94,2.96
32.94,2.96
32.94,2.98
32.94,2.96
32.94,2.96
32.94,2.98
32.94,2.97
32.94,2.95
32.94,2.99
32.94,2.98
32.94,2.96
32.94,2.97
32.94,2.98
32.94,2.97
32.94,2.97
32.94,2.98
32.94,2.97
32.94,2.98
32.88,2.96
32.88,2.96
32.88,2.96
32.88,2.95
32.88,2.97
32.88,2.98
32.88,2.98
32.88,2.98
32.88,2.97
32.88,2.95
32.88,2.97
32.88,2.96
32.88,2.96
32.88,2.96
32.88,2.98
32.88,2.98
32.88,2.97
32.88,2.97
32.88,2.97
32.88,2.97
32.88,2.97
32.88,2.97
32.88,2.97
32.81,2.97
32.88,2.96
32.81,2.96
32.81,2.98
32.81,2.97
32.88,2.97
32.81,2.97
32.81,2.97
32.81,2.97
32.81,2.98
32.81,2.96
32.81,2.96
32.81,2.97
32.81,2.97
32.81,2.98
32.81,2.96
32.81,2.97
32.81,2.97
32.81,2.97
32.81,2.97
32.81,2.97
32.81,2.98
32.81,2.97
32.81,2.97
32.81,2.97
32.81,2.97
32.81,2.97
32.81,2.96
32.75,2.97
32.75,2.97
32.81,2.96
32.75,2.96
32.81,2.98
32.75,2.98
32.75,2.97
32.75,2.98
32.75,2.97
32.75,2.97
32.75,2.97
32.75,2.96
32.75,2.99
32.75,2.97
32.75,2.97
32.75,2.97
32.75,2.96
32.75,2.96
32.75,2.97
32.75,2.97
32.75,2.97
32.75,2.97
32.75,2.97
32.75,2.97
32.75,2.98
32.75,2.97
32.75,2.97
32.75,2.98
32.75,2.98
32.75,2.97
32.75,2.97
32.75,2.97
32.75,2.98
32.75,2.97
32.75,2.98
32.75,2.97
32.69,2.98
32.69,2.96
32.69,2.97
32.69,2.97
32.69,2.98
32.69,2.96
32.69,2.97
32.69,2.99
32.69,2.99
32.69,2.97
32.69,2.97
32.69,2.97
32.69,2.98
32.69,2.98
32.69,2.98
32.69,2.98
32.69,2.97
32.69,2.96
32.69,2.97
32.69,2.97
32.69,2.98
32.69,2.98
32.63,2.96
32.63,2.97
32.63,2.97
32.69,2.97
32.63,2.98
32.63,2.97
32.63,3.00
32.63,2.98
32.63,2.97
32.63,2.97
32.63,2.98
32.63,2.98
32.63,2.97
32.63,2.97
32.63,2.97
32.63,2.98
32.63,2.97
32.63,3.00
32.63,2.98
32.63,2.97
32.63,2.97
32.63,2.98
32.63,2.97
32.63,2.99
32.63,2.97
32.63,2.97
32.63,2.97
32.63,2.98
32.56,2.97
32.56,2.96
32.56,2.98
32.56,2.97
32.63,2.97
32.56,2.96
32.56,2.97
32.56,2.97
32.56,2.97
32.56,2.97
32.56,2.96
32.56,2.97
32.56,2.98
32.56,2.98
32.56,2.98
32.56,2.96
32.56,2.98
32.56,2.98
32.56,2.98
32.56,2.98
32.56,2.97
32.56,2.96
32.56,2.96
32.56,2.97
32.56,2.97
32.56,2.99
32.56,2.97
32.56,2.99
32.56,2.96
32.56,2.98
32.56,2.98
32.56,2.98
32.56,2.97
32.50,2.97
32.56,2.98
32.50,2.99
32.50,2.97
32.50,2.96
32.50,2.97
32.50,2.97
32.50,2.98
32.50,2.97
32.50,2.97
32.50,2.98
32.50,2.98
32.50,2.98
32.50,2.97
32.50,2.97
32.50,2.97
32.50,2.97
32.50,2.99
32.50,2.97
32.50,2.98
32.50,2.98
32.50,2.97
32.50,2.98
32.50,2.97
32.50,2.99
32.50,2.96
32.50,2.98
32.50,3.00
32.50,2.97
32.50,2.97
32.50,2.98
32.50,2.97
32.50,2.98
32.44,2.97
32.44,2.98
32.50,2.97
32.44,2.99
32.44,2.96
32.44,2.97
32.44,2.97
32.44,2.97
32.44,2.98
32.44,2.97
32.44,2.99
32.44,2.97
32.44,2.98
32.44,2.99
32.44,2.99
32.44,2.97
32.44,2.97
32.44,2.98
32.44,2.98
32.44,2.99
32.44,2.98
32.44,2.97
32.44,2.97
32.44,2.98
32.44,2.98
32.44,2.98
32.44,2.99
32.44,2.97
32.44,2.98
32.44,2.97
32.44,2.98
32.44,2.98
32.44,2.98
32.44,2.98
32.44,2.98
32.44,2.97
32.38,2.97
32.38,2.98
32.38,2.99
32.38,2.98
32.38,2.98
32.38,2.99
32.38,2.99
32.38,2.99
32.38,2.98
32.38,2.97
32.38,2.98
32.38,2.99
32.38,2.98
32.38,2.98
32.38,2.98
32.38,2.98
32.38,2.99
32.38,2.97
32.38,2.98
32.38,2.98
32.38,2.98
32.38,2.98
32.38,2.99
32.38,2.97
32.38,2.99
32.38,2.99
32.38,2.97
32.38,2.99
32.38,2.98
32.38,2.98
32.38,2.98
32.31,2.98
32.38,2.98
32.31,2.98
32.38,2.98
32.31,2.99
32.31,2.98
32.38,2.99
32.31,2.98
32.38,2.99
32.31,2.99
32.31,2.99
32.31,2.99
32.31,2.98
32.31,2.99
32.31,3.01
32.31,3.00
32.31,3.00
32.31,2.98
32.31,2.99
32.31,2.99
32.31,2.98
32.31,2.99
32.31,2.99
32.31,2.98
32.31,2.99
32.31,2.99
32.31,2.98
32.31,3.00
32.31,3.00
32.31,3.00
32.31,2.99
32.31,3.00
32.31,2.99
32.31,3.00
32.31,3.00
32.31,2.98
32.31,2.98
32.31,3.00
32.31,2.99
32.31,3.00
32.31,3.00
32.31,2.99
32.31,3.00
32.31,3.00
32.31,3.00
32.31,3.00
32.25,2.99
32.25,3.01
32.25,3.00
32.25,2.99
32.25,3.00
32.25,3.02
32.25,3.01
32.25,3.00
32.25,3.01
32.25,3.01
32.25,3.01
32.25,3.02
32.25,3.01
32.25,3.02
32.25,3.00
32.25,3.04
32.25,2.92
32.25,2.91
32.25,2.92
32.25,2.94
32.25,2.92
32.25,2.92
32.25,2.92
32.25,2.92
32.25,2.92
32.25,2.93
32.25,2.93
32.25,2.91
32.25,2.92
32.25,2.92
32.25,2.92
32.25,2.92
32.19,2.93
32.19,2.92
32.25,2.92
32.25,2.92
32.19,2.92
32.19,2.92
32.19,2.93
32.19,2.92
32.19,2.93
32.19,2.91
32.19,2.93
32.19,2.92
32.19,2.93
32.19,2.92
32.19,2.92
32.19,2.91
32.19,2.92
32.19,2.92
32.19,2.93
32.19,2.92
32.19,2.93
32.19,2.93
32.19,2.92
32.19,2.92
32.19,2.92
32.19,2.92
32.19,2.91
32.19,2.92
32.19,2.92
32.19,2.93
32.19,2.93
32.19,2.93
32.19,2.93
32.19,2.92
32.19,2.92
32.19,2.93
32.19,2.92
32.19,2.93
32.19,2.93
32.13,2.93
32.19,2.92
32.19,2.93
32.19,2.93
32.13,2.93
32.13,2.93
32.13,2.92
32.13,2.92
32.13,2.93
32.13,2.93
32.13,2.92
32.13,2.92
32.13,2.92
32.13,2.92
32.13,2.92
32.13,2.92
32.13,2.92
32.13,2.92
32.13,2.92
32.13,2.92
32.13,2.94
32.13,2.93
32.13,2.93
32.13,2.92
32.13,2.92
32.13,2.92
32.13,2.92
32.13,2.93
32.13,2.92
32.13,2.92
32.13,2.92
32.13,2.92
32.13,2.94
32.06,2.93
32.13,2.92
32.06,2.92
32.06,2.93
32.13,2.94
32.06,2.94
32.13,2.93
32.06,2.93
32.06,2.92
32.06,2.92
32.06,2.91
32.06,2.92
32.06,2.92
32.06,2.92
32.06,2.93
32.06,2.93
32.06,2.94
32.06,2.93
32.06,2.92
32.06,2.94
32.06,2.92
32.06,2.93
32.06,2.92
32.06,2.92
32.06,2.93
32.06,2.93
32.06,2.93
32.06,2.93
32.06,2.93
32.06,2.93
32.06,2.93
32.06,2.92
32.00,2.93
32.06,2.92
32.06,2.93
32.06,2.92
32.00,2.91
32.00,2.92
32.00,2.93
32.06,2.94
32.00,2.92
32.00,2.92
32.00,2.93
32.00,2.93
32.00,2.92
32.00,2.93
32.00,2.92
32.00,2.92
32.00,2.94
32.00,2.92
32.00,2.93
32.00,2.93
32.00,2.93
32.00,2.92
32.00,2.93
32.00,2.94
32.00,2.93
32.00,2.93
32.00,2.92
32.00,2.92
32.00,2.93
32.00,2.93
32.00,2.92
32.00,2.92
32.00,2.93
32.00,2.92
32.00,2.92
32.00,2.92
31.94,2.92
31.94,2.94
31.94,2.92
31.94,2.93
32.00,2.92
31.94,2.92
31.94,2.92
31.94,2.92
31.94,2.93
31.94,2.93
31.94,2.93
31.94,2.92
31.94,2.93
31.94,2.93
31.94,2.93
31.94,2.92
31.94,2.92
31.94,2.93
31.94,2.93
31.94,2.93
31.94,2.92
31.94,2.93
31.94,2.92
31.94,2.93
31.94,2.93
31.94,2.92
31.94,2.92
31.94,2.93
31.94,2.92
31.94,2.93
31.87,2.91
31.87,2.91
31.87,2.92
31.94,2.92
31.87,2.92
31.87,2.92
31.87,2.92
31.87,2.92
31.87,2.91
31.87,2.94
31.87,2.92
31.87,2.93
31.87,2.92
31.87,2.93
31.87,2.92
31.87,2.92
31.87,2.93
31.87,2.92
31.87,2.92
31.87,2.92
31.87,2.92
31.87,2.92
31.87,2.92
31.87,2.92
31.87,2.92
31.87,2.92
31.87,2.92
31.87,2.92
31.87,2.93
31.87,2.93
31.87,2.93
31.87,2.93
31.87,2.92
31.81,2.92
31.81,2.93
31.81,2.93
31.81,2.92
31.81,2.93
31.81,2.91
31.81,2.92
31.81,2.92
31.81,2.94
31.81,2.94
31.81,2.92
31.81,2.94
31.81,2.92
31.81,2.92
31.81,2.94
31.81,2.93
31.81,2.93
31.81,2.93
31.81,2.92
31.81,2.92
31.81,2.92
31.81,2.92
31.81,2.93
31.81,2.93
31.81,2.92
31.81,2.92
31.81,2.93
31.81,2.93
31.81,2.92
31.81,2.93
31.81,2.92
31.81,2.92
31.75,2.93
31.81,2.92
31.75,2.92
31.75,2.92
31.75,2.92
31.75,2.92
31.75,2.92
31.75,2.92
31.75,2.91
31.75,2.91
31.75,2.92
31.75,2.93
31.75,2.92
31.75,2.92
31.75,2.92
31.75,2.92
31.75,2.93
31.75,2.93
31.75,2.93
31.75,2.93
31.75,2.92
31.75,2.92
31.75,2.93
31.75,2.93
31.75,2.93
31.75,2.93
31.75,2.92
31.75,2.93
31.75,2.92
31.75,2.93
31.75,2.93
31.75,2.93
31.69,2.93
31.75,2.93
31.75,2.92
31.69,2.93
31.69,2.93
31.69,2.92
31.69,2.93
31.69,2.92
31.69,2.93
31.69,2.92
31.69,2.92
31.69,2.92
31.69,2.92
31.69,2.93
31.69,2.92
31.69,2.94
31.69,2.92
31.69,2.92
31.69,2.92
31.69,2.92
31.69,2.92
31.69,2.92
31.69,2.93
31.69,2.93
31.69,2.92
31.69,2.92
31.69,2.94
31.69,2.92
31.69,2.91
31.69,2.92
31.69,2.92
31.69,2.92
31.69,2.95
31.69,2.92
31.69,2.92
31.69,2.92
31.69,2.93
31.69,2.92
31.69,2.93
31.69,2.92
31.62,2.92
31.62,2.92
31.62,2.93
31.62,2.93
31.69,2.92
31.62,2.92
31.62,2.92
31.69,2.93
31.62,2.93
31.62,2.92
31.62,2.92
31.62,2.92
31.62,2.92
31.62,2.94
31.62,2.92
31.62,2.93
31.62,2.92
31.62,2.92
31.62,2.92
31.62,2.92
31.62,2.93
31.62,2.92
31.62,2.92
31.62,2.93
31.62,2.93
31.62,2.92
31.62,2.92
31.62,2.92
31.62,2.92
31.62,2.92
31.62,2.92
31.62,2.93
31.62,2.94
31.62,2.93
31.62,2.92
31.62,2.93
31.62,2.92
31.62,2.93
31.62,2.92
31.62,2.92
31.62,2.92
31.62,2.93
31.56,2.92
31.56,2.92
31.62,2.92
31.56,2.92
31.56,2.93
31.56,2.93
31.56,2.92
31.56,2.92
31.56,2.93
31.56,2.92
31.56,2.94
31.56,2.93
31.56,2.93
31.56,2.93
31.56,2.91
31.56,2.93
31.56,2.92
31.56,2.92
31.56,2.93
31.56,2.92
31.56,2.93
31.56,2.92
31.56,2.94
31.56,2.93
31.56,2.92
31.56,2.92
31.56,2.92
31.56,2.93
31.56,2.92
31.56,2.92
31.56,2.92
31.56,2.90
31.56,2.92
31.56,2.92
31.56,2.92
31.56,2.93
31.56,2.92
31.56,2.93
31.56,2.92
31.56,2.92
31.56,2.93
31.56,2.93
31.56,2.92
31.56,2.92
31.50,2.93
31.50,2.92
31.50,2.93
31.50,2.92
31.50,2.92
31.50,2.92
31.50,2.91
31.50,2.93
31.50,2.93
31.50,2.92
31.50,2.92
31.50,2.92
31.50,2.92
31.50,2.92
31.50,2.92
31.50,2.92
31.50,2.92
31.50,2.92
31.50,2.92
31.50,2.92
31.50,2.93
31.50,2.91
31.50,2.93
31.50,2.94
31.50,2.94
31.50,2.94
31.50,2.93
31.50,2.92
31.50,2.92
31.50,2.93
31.50,2.92
31.50,2.92
31.50,2.92
31.50,2.92
31.50,2.92
31.50,2.92
31.50,2.92
31.50,2.93
31.50,2.92
31.50,2.93
31.50,2.93
31.50,2.92
31.50,2.91
31.50,2.92
31.44,2.92
31.50,2.92
31.50,2.92
31.44,2.91
31.44,2.92
31.44,2.92
31.50,2.92
31.50,2.92
31.50,2.92
31.50,2.92
31.44,2.92
31.44,2.92
31.44,2.93
31.44,2.92
31.44,2.93
31.44,2.94
31.44,2.93
31.44,2.92
31.44,2.92
31.44,2.91
31.44,2.93
31.44,2.93
31.44,2.92
31.44,2.92
31.44,2.94
31.44,2.92
31.44,2.92
31.44,2.92
31.44,2.92
31.44,2.92
31.44,2.92
31.44,2.92
31.44,2.92
31.44,2.93
31.44,2.93
31.44,2.93
31.44,2.92
31.44,2.91
31.44,2.91
31.44,2.92
31.44,2.92
31.44,2.92
29.75,2.94
29.75,2.94
29.69,2.95
29.69,2.94
29.69,2.94
29.69,2.93
29.69,2.93
29.62,2.94
29.62,2.93
29.62,2.92
29.62,2.92
29.62,2.92
29.56,2.92
29.56,2.93
29.56,2.91
29.56,3.09
29.56,2.94
29.56,2.95
29.56,2.86
29.56,2.92
29.56,3.02
29.50,2.86
29.50,2.95
29.50,2.99
29.50,2.95
29.50,2.94
29.50,2.94
29.50,2.92
29.44,2.93
29.44,2.92
29.44,2.90
29.44,2.94
29.44,2.97
29.44,2.92
29.44,3.06
29.44,2.94
29.44,3.03
29.44,2.93
29.44,2.94
29.44,2.93
29.37,2.91
29.37,2.93
29.44,2.92
29.37,2.92
29.37,2.93
29.37,2.93
29.37,2.93
29.37,2.93
29.37,2.94
29.37,2.92
29.37,2.92
29.37,2.93
29.37,2.92
32.56,2.96
32.75,2.94
32.88,2.95
33.00,2.96
33.13,2.96
33.19,2.95
33.25,2.95
33.31,2.95
33.38,2.95
33.44,2.96
33.44,2.95
33.50,2.96
33.50,2.95
33.56,2.98
33.56,2.93
33.69,2.93
33.69,2.96
33.75,2.99
33.81,2.95
33.81,2.94
33.88,2.95
33.88,2.95
33.88,2.96
33.94,2.98
33.94,2.97
33.94,2.94
33.94,2.94
33.94,2.95
34.00,2.96
34.00,2.92
34.00,2.98
34.00,2.92
34.06,2.93
34.06,2.97
33.94,3.04
33.81,2.98
33.75,2.96
33.69,2.93
33.69,2.95
33.63,2.94
33.56,2.94
33.56,2.95
33.44,2.97
33.38,3.00
33.25,2.92
33.19,2.92
33.06,3.04
33.00,2.95
33.06,2.93
33.13,2.97
33.25,2.96
33.25,2.97
33.31,2.98
33.31,2.95
33.31,2.92
33.31,2.96
33.25,2.93
33.25,2.94
33.19,2.92
33.13,2.91
33.06,2.93
33.00,2.97
33.00,2.94
33.00,2.94
33.06,3.04
33.06,2.98
33.06,2.94
33.06,2.94
33.00,2.96
32.94,2.95
32.88,2.94
32.81,3.00
32.75,2.96
32.69,2.96
32.56,2.97
32.50,2.92
32.44,2.94
32.38,2.92
32.31,2.96
32.19,2.93
32.13,2.95
32.00,2.94
32.00,2.97
32.06,2.96
32.19,2.91
32.31,2.98
32.31,2.95
32.38,2.95
32.38,2.96
32.31,2.96
32.31,2.99
32.31,2.96
32.31,2.94
32.31,2.91
32.38,2.93
32.50,2.97
32.56,2.93
32.56,2.96
32.63,2.96
32.63,2.92
32.69,2.94
32.63,2.99
32.63,2.94
32.63,2.98
32.63,2.97
32.63,2.95
32.63,2.95
32.56,2.98
32.56,2.96
32.56,2.92
32.56,2.91
32.56,2.94
32.56,2.99
32.50,2.92
32.50,2.95
32.50,2.97
32.50,2.93
32.44,2.97
32.44,2.97
32.44,2.94
32.44,2.99
32.44,2.94
32.38,2.92
32.31,2.96
32.31,2.97
32.31,2.95
32.31,2.95
32.31,2.96
32.31,2.95
32.31,2.92
32.31,2.96
32.31,2.96
32.31,2.95
32.31,2.92
32.31,2.96
32.31,2.92
32.31,2.97
32.25,2.97
32.19,2.97
32.13,2.92
32.13,2.95
32.06,2.95
32.00,2.94
32.00,2.95
31.94,2.96
31.87,2.95
31.87,2.95
31.81,3.01
31.81,2.97
31.81,2.91
31.81,2.93
31.87,2.93
31.94,2.92
31.94,2.93
31.94,2.96
31.94,2.96
31.94,2.94
32.00,3.00
32.00,3.00
32.00,2.95
32.00,2.91
32.00,2.95
32.00,2.94
32.00,2.92
32.00,2.93
32.00,2.95
32.00,2.96
32.00,2.92
32.00,2.93
32.00,2.94
32.06,2.92
32.06,2.96
32.06,2.94
32.06,2.98
32.06,2.93
32.06,2.89
32.06,2.96
32.06,2.95
32.00,2.95
32.00,2.93
32.00,2.93
32.00,2.94
31.94,2.94
31.94,2.92
31.94,2.94
32.00,2.92
32.00,2.93
31.94,2.94
32.00,2.93
31.94,2.93
31.94,2.93
31.94,2.93
31.94,2.94
31.94,2.93
31.94,2.93
31.81,2.93
31.50,2.94
31.31,2.94
31.12,2.94
30.94,2.94
30.75,2.92
30.62,2.93
30.50,2.95
30.37,2.93
30.25,2.93
30.12,2.94
30.06,2.94
30.12,2.95
30.25,2.93
30.37,2.94
30.37,2.95
30.31,2.96
30.31,2.93
30.19,2.92
30.12,2.94
30.00,2.94
29.94,2.98
29.87,2.99
30.00,2.95
30.06,2.96
30.12,2.92
30.06,2.94
29.87,2.93
29.69,2.98
29.69,2.96
29.75,2.94
29.75,2.94
29.75,2.93
29.75,2.95
29.69,2.94
29.69,2.92
29.62,2.94
29.56,2.94
29.50,2.93
29.44,2.93
29.37,2.94
29.31,2.94
29.25,2.98
29.19,2.99
29.06,2.97